pc_version,pc_build,client_pin,mode,callee,ordering,key_dist,records,partitions,max_poll_records,buffer,delay_ms,concurrency,repeat,msg_per_sec,peak_in_flight,inflight_p50,load_1m,residence_p50_ms,residence_p99_ms,residence_p999_ms,residence_max_ms,drain_p50_ms,drain_p99_ms,drain_p999_ms,drain_max_ms,e2e_p50_ms,e2e_p99_ms,e2e_p999_ms,e2e_max_ms,arrival_requested,arrival_achieved,feed_lag_p99_ms,backlog_p99,backlog_max,injected_failures
0.5.3.3,2204298880,NATIVE,core,async,KEY,distinct,12000,24,500,20000,10,24,1,1209.8,24,23,5.63,-,-,-,-,6593,9832,9884,9896,-,-,-,-,-,-,-,0,0,0
0.5.3.3,2204298880,NATIVE,core,async,KEY,distinct,12000,24,500,20000,10,24,2,1211.9,24,23,5.60,-,-,-,-,6590,9817,9881,9884,-,-,-,-,-,-,-,0,0,0
0.5.3.3,2204298880,NATIVE,core,async,UNORDERED,distinct,12000,24,500,20000,10,24,1,1223.9,24,23,4.98,-,-,-,-,6511,9709,9768,9774,-,-,-,-,-,-,-,0,0,0
0.5.3.3,2204298880,NATIVE,core,async,UNORDERED,distinct,12000,24,500,20000,10,24,2,1222.9,24,23,4.67,-,-,-,-,6533,9723,9785,9789,-,-,-,-,-,-,-,0,0,0
LOCAL,2426224418,NATIVE,core,async,KEY,distinct,12000,24,500,20000,10,24,1,1213.3,24,23,4.23,3353,6709,6709,6572,6549,9793,9850,9857,-,-,-,-,-,-,-,0,0,0
LOCAL,2426224418,NATIVE,core,async,KEY,distinct,12000,24,500,20000,10,24,2,1221.2,24,23,4.05,3353,6709,6709,6542,6547,9739,9798,9803,-,-,-,-,-,-,-,0,0,0
LOCAL,2426224418,NATIVE,core,async,UNORDERED,distinct,12000,24,500,20000,10,24,1,1228.1,24,23,4.53,3353,6440,6709,6481,6519,9702,9756,9766,-,-,-,-,-,-,-,0,0,0
LOCAL,2426224418,NATIVE,core,async,UNORDERED,distinct,12000,24,500,20000,10,24,2,1220.5,24,23,4.92,3353,6709,6709,6526,6531,9743,9802,9811,-,-,-,-,-,-,-,0,0,0
LOCAL,2426224418,NATIVE,core-vt,async,KEY,distinct,12000,24,500,20000,10,24,1,1142.7,24,24,4.46,3623,7247,7247,7228,6869,10413,10469,10481,-,-,-,-,-,-,-,0,0,0
LOCAL,2426224418,NATIVE,core-vt,async,KEY,distinct,12000,24,500,20000,10,24,2,1141.8,24,24,4.87,3758,7247,7247,7251,6874,10426,10497,10497,-,-,-,-,-,-,-,0,0,0
LOCAL,2426224418,NATIVE,core-vt,async,UNORDERED,distinct,12000,24,500,20000,10,24,1,1142.1,24,24,5.75,3757,7247,7247,7242,6917,10440,10505,10505,-,-,-,-,-,-,-,0,0,0
LOCAL,2426224418,NATIVE,core-vt,async,UNORDERED,distinct,12000,24,500,20000,10,24,2,1149.9,24,24,6.47,3623,7247,7247,7179,6858,10363,10430,10430,-,-,-,-,-,-,-,0,0,0
LOCAL,2426224418,NATIVE,core-dpvt,async,KEY,distinct,12000,24,500,20000,10,24,1,1163.5,24,24,6.08,3623,7247,7247,7052,6779,10229,10295,10295,-,-,-,-,-,-,-,0,0,0
LOCAL,2426224418,NATIVE,core-dpvt,async,KEY,distinct,12000,24,500,20000,10,24,2,1157.9,24,24,5.83,3623,7247,7247,7126,6776,10279,10354,10355,-,-,-,-,-,-,-,0,0,0
LOCAL,2426224418,NATIVE,core-dpvt,async,UNORDERED,distinct,12000,24,500,20000,10,24,1,1141.1,24,24,5.41,3758,7247,7247,7244,6880,10420,10492,10492,-,-,-,-,-,-,-,0,0,0
LOCAL,2426224418,NATIVE,core-dpvt,async,UNORDERED,distinct,12000,24,500,20000,10,24,2,1143.7,24,24,4.79,3623,7247,7247,7208,6841,10388,10458,10458,-,-,-,-,-,-,-,0,0,0
LOCAL,2426224418,NATIVE,vertx,async,KEY,distinct,12000,24,500,20000,10,24,1,1304.9,24,23,4.27,3083,5901,6170,5957,-,-,-,-,-,-,-,-,-,-,-,0,0,0
LOCAL,2426224418,NATIVE,vertx,async,KEY,distinct,12000,24,500,20000,10,24,2,1314.9,24,22,3.99,3083,5901,5901,5890,-,-,-,-,-,-,-,-,-,-,-,0,0,0
LOCAL,2426224418,NATIVE,vertx,async,UNORDERED,distinct,12000,24,500,20000,10,24,1,1313.9,24,23,3.92,3083,5901,5901,5844,-,-,-,-,-,-,-,-,-,-,-,0,0,0
LOCAL,2426224418,NATIVE,vertx,async,UNORDERED,distinct,12000,24,500,20000,10,24,2,1322.9,24,22,5.03,3083,5901,5901,5828,-,-,-,-,-,-,-,-,-,-,-,0,0,0
LOCAL,2426224418,NATIVE,reactor,async,KEY,distinct,12000,24,500,20000,10,24,1,1268.9,24,23,5.00,3347,6166,6434,6213,-,-,-,-,-,-,-,-,-,-,-,0,0,0
LOCAL,2426224418,NATIVE,reactor,async,KEY,distinct,12000,24,500,20000,10,24,2,1290.0,24,23,4.76,3213,6166,6166,6072,-,-,-,-,-,-,-,-,-,-,-,0,0,0
LOCAL,2426224418,NATIVE,reactor,async,UNORDERED,distinct,12000,24,500,20000,10,24,1,1241.5,24,23,4.98,3347,6434,6434,6370,-,-,-,-,-,-,-,-,-,-,-,0,0,0
LOCAL,2426224418,NATIVE,reactor,async,UNORDERED,distinct,12000,24,500,20000,10,24,2,1289.6,24,22,5.51,3213,6166,6166,6062,-,-,-,-,-,-,-,-,-,-,-,0,0,0
LOCAL,2426224418,NATIVE,mutiny,async,KEY,distinct,12000,24,500,20000,10,24,1,1280.4,24,23,5.26,3213,6166,6166,6136,-,-,-,-,-,-,-,-,-,-,-,0,0,0
LOCAL,2426224418,NATIVE,mutiny,async,KEY,distinct,12000,24,500,20000,10,24,2,1245.5,24,23,4.83,3347,6434,6434,6362,-,-,-,-,-,-,-,-,-,-,-,0,0,0
LOCAL,2426224418,NATIVE,mutiny,async,UNORDERED,distinct,12000,24,500,20000,10,24,1,1271.6,24,23,5.60,3347,6166,6166,6144,-,-,-,-,-,-,-,-,-,-,-,0,0,0
LOCAL,2426224418,NATIVE,mutiny,async,UNORDERED,distinct,12000,24,500,20000,10,24,2,1290.7,24,23,5.59,3213,6166,6166,6035,-,-,-,-,-,-,-,-,-,-,-,0,0,0
LOCAL,2426224418,NATIVE,proxy,async,KEY,distinct,12000,24,500,20000,10,24,1,812.8,24,14,6.23,6173,11810,11810,11511,-,-,-,-,-,-,-,-,-,-,-,0,0,0
LOCAL,2426224418,NATIVE,proxy,async,KEY,distinct,12000,24,500,20000,10,24,2,794.2,24,14,5.86,6173,11810,12347,11858,-,-,-,-,-,-,-,-,-,-,-,0,0,0
LOCAL,2426224418,NATIVE,proxy,async,UNORDERED,distinct,12000,24,500,20000,10,24,1,804.4,24,13,7.06,6172,11809,11809,11605,-,-,-,-,-,-,-,-,-,-,-,0,0,0
LOCAL,2426224418,NATIVE,proxy,async,UNORDERED,distinct,12000,24,500,20000,10,24,2,795.0,24,15,9.78,6172,11809,12346,11828,-,-,-,-,-,-,-,-,-,-,-,0,0,0
0.5.3.3,2204298880,NATIVE,core,async,KEY,distinct,12000,24,500,20000,10,24,1,1090.1,24,23,6.62,-,-,-,-,6652,9921,11005,11007,-,-,-,-,-,-,-,0,0,113
0.5.3.3,2204298880,NATIVE,core,async,KEY,distinct,12000,24,500,20000,10,24,2,1091.3,24,22,6.42,-,-,-,-,6632,9906,10986,10987,-,-,-,-,-,-,-,0,0,113
0.5.3.3,2204298880,NATIVE,core,async,UNORDERED,distinct,12000,24,500,20000,10,24,1,1092.2,24,23,5.90,-,-,-,-,6557,9873,10957,10957,-,-,-,-,-,-,-,0,0,113
0.5.3.3,2204298880,NATIVE,core,async,UNORDERED,distinct,12000,24,500,20000,10,24,2,1092.7,24,23,6.20,-,-,-,-,6603,9863,10948,10949,-,-,-,-,-,-,-,0,0,113
LOCAL,2426224418,NATIVE,core,async,KEY,distinct,12000,24,500,20000,10,24,1,1104.9,24,23,6.30,3353,6709,7783,7624,6551,9773,10857,10857,-,-,-,-,-,-,-,0,0,113
LOCAL,2426224418,NATIVE,core,async,KEY,distinct,12000,24,500,20000,10,24,2,1090.0,24,23,6.41,3485,6707,7780,7761,6642,9920,11003,11003,-,-,-,-,-,-,-,0,0,113
LOCAL,2426224418,NATIVE,core,async,UNORDERED,distinct,12000,24,500,20000,10,24,1,1096.9,24,23,7.09,3488,6709,7783,7645,6600,9830,10907,10910,-,-,-,-,-,-,-,0,0,113
LOCAL,2426224418,NATIVE,core,async,UNORDERED,distinct,12000,24,500,20000,10,24,2,1091.4,24,23,7.03,3488,6709,7783,7710,6599,9882,10974,10974,-,-,-,-,-,-,-,0,0,113
LOCAL,2426224418,NATIVE,core-vt,async,KEY,distinct,12000,24,500,20000,10,24,1,1030.4,24,24,6.33,3757,7515,8589,8368,6993,10520,11619,11619,-,-,-,-,-,-,-,0,0,113
LOCAL,2426224418,NATIVE,core-vt,async,KEY,distinct,12000,24,500,20000,10,24,2,1027.8,24,24,5.38,3757,7515,8589,8423,6973,10543,11643,11643,-,-,-,-,-,-,-,0,0,113
LOCAL,2426224418,NATIVE,core-vt,async,UNORDERED,distinct,12000,24,500,20000,10,24,1,1037.8,24,24,5.64,3757,7247,8320,8315,6902,10453,11542,11542,-,-,-,-,-,-,-,0,0,113
LOCAL,2426224418,NATIVE,core-vt,async,UNORDERED,distinct,12000,24,500,20000,10,24,2,1028.1,24,24,5.73,3757,7515,8589,8400,6974,10545,11639,11639,-,-,-,-,-,-,-,0,0,113
LOCAL,2426224418,NATIVE,core-dpvt,async,KEY,distinct,12000,24,500,20000,10,24,1,1040.9,24,24,5.73,3623,7247,8320,8268,6842,10409,11510,11510,-,-,-,-,-,-,-,0,0,113
LOCAL,2426224418,NATIVE,core-dpvt,async,KEY,distinct,12000,24,500,20000,10,24,2,1043.8,24,24,5.98,3623,7247,8321,8254,6829,10374,11475,11475,-,-,-,-,-,-,-,0,0,113
LOCAL,2426224418,NATIVE,core-dpvt,async,UNORDERED,distinct,12000,24,500,20000,10,24,1,1031.7,24,24,5.56,3757,7247,8589,8363,6917,10509,11612,11612,-,-,-,-,-,-,-,0,0,113
LOCAL,2426224418,NATIVE,core-dpvt,async,UNORDERED,distinct,12000,24,500,20000,10,24,2,1037.8,24,24,5.24,3758,7247,8321,8320,6916,10459,11560,11561,-,-,-,-,-,-,-,0,0,113
LOCAL,2426224418,NATIVE,vertx,async,KEY,distinct,12000,24,500,20000,10,24,1,1300.0,24,23,5.24,3083,5901,6170,5977,-,-,-,-,-,-,-,-,-,-,-,0,0,112
LOCAL,2426224418,NATIVE,vertx,async,KEY,distinct,12000,24,500,20000,10,24,2,1246.9,24,24,5.05,3217,6438,6438,6381,-,-,-,-,-,-,-,-,-,-,-,0,0,112
LOCAL,2426224418,NATIVE,vertx,async,UNORDERED,distinct,12000,24,500,20000,10,24,1,1266.4,24,23,5.12,3351,6170,6438,6193,-,-,-,-,-,-,-,-,-,-,-,0,0,112
LOCAL,2426224418,NATIVE,vertx,async,UNORDERED,distinct,12000,24,500,20000,10,24,2,1316.8,24,23,5.42,3083,5901,5901,5851,-,-,-,-,-,-,-,-,-,-,-,0,0,112
LOCAL,2426224418,NATIVE,reactor,async,KEY,distinct,12000,24,500,20000,10,24,1,1130.3,24,23,5.18,3213,6434,7508,7381,-,-,-,-,-,-,-,-,-,-,-,0,0,113
LOCAL,2426224418,NATIVE,reactor,async,KEY,distinct,12000,24,500,20000,10,24,2,1126.1,24,23,4.92,3347,6434,7508,7398,-,-,-,-,-,-,-,-,-,-,-,0,0,113
LOCAL,2426224418,NATIVE,reactor,async,UNORDERED,distinct,12000,24,500,20000,10,24,1,1158.9,24,22,4.39,3213,6166,7239,7118,-,-,-,-,-,-,-,-,-,-,-,0,0,113
LOCAL,2426224418,NATIVE,reactor,async,UNORDERED,distinct,12000,24,500,20000,10,24,2,1152.7,24,22,5.30,3213,6166,7239,7144,-,-,-,-,-,-,-,-,-,-,-,0,0,113
LOCAL,2426224418,NATIVE,mutiny,async,KEY,distinct,12000,24,500,20000,10,24,1,1150.5,24,21,5.80,3213,6166,7239,7205,-,-,-,-,-,-,-,-,-,-,-,0,0,113
LOCAL,2426224418,NATIVE,mutiny,async,KEY,distinct,12000,24,500,20000,10,24,2,1133.3,24,22,6.52,3347,6434,7508,7343,-,-,-,-,-,-,-,-,-,-,-,0,0,113
LOCAL,2426224418,NATIVE,mutiny,async,UNORDERED,distinct,12000,24,500,20000,10,24,1,1140.0,24,23,7.70,3347,6434,7508,7299,-,-,-,-,-,-,-,-,-,-,-,0,0,113
LOCAL,2426224418,NATIVE,mutiny,async,UNORDERED,distinct,12000,24,500,20000,10,24,2,1117.4,24,22,7.33,3481,6434,7508,7475,-,-,-,-,-,-,-,-,-,-,-,0,0,113
LOCAL,2426224418,NATIVE,proxy,async,KEY,distinct,12000,24,500,20000,10,24,1,739.5,23,13,7.48,6173,11810,12347,12982,-,-,-,-,-,-,-,-,-,-,-,0,0,113
LOCAL,2426224418,NATIVE,proxy,async,KEY,distinct,12000,24,500,20000,10,24,2,735.2,24,12,8.76,6172,11809,12346,13067,-,-,-,-,-,-,-,-,-,-,-,0,0,113
LOCAL,2426224418,NATIVE,proxy,async,UNORDERED,distinct,12000,24,500,20000,10,24,1,742.3,24,14,8.93,6172,11809,11809,12907,-,-,-,-,-,-,-,-,-,-,-,0,0,113
LOCAL,2426224418,NATIVE,proxy,async,UNORDERED,distinct,12000,24,500,20000,10,24,2,733.8,24,13,8.11,6441,12347,12347,13088,-,-,-,-,-,-,-,-,-,-,-,0,0,113
0.5.3.3,2204298880,NATIVE,core,async,KEY,zipf,12000,24,500,20000,10,24,1,370.8,24,2,5.74,-,-,-,-,6484,30661,32173,32333,-,-,-,-,-,-,-,0,0,0
0.5.3.3,2204298880,NATIVE,core,async,KEY,zipf,12000,24,500,20000,10,24,2,368.6,24,2,4.93,-,-,-,-,6530,30879,32363,32523,-,-,-,-,-,-,-,0,0,0
0.5.3.3,2204298880,NATIVE,core,async,UNORDERED,zipf,12000,24,500,20000,10,24,1,1228.5,24,23,4.56,-,-,-,-,6500,9687,9746,9749,-,-,-,-,-,-,-,0,0,0
0.5.3.3,2204298880,NATIVE,core,async,UNORDERED,zipf,12000,24,500,20000,10,24,2,1227.1,24,23,4.32,-,-,-,-,6537,9705,9760,9772,-,-,-,-,-,-,-,0,0,0
LOCAL,2426224418,NATIVE,core,async,KEY,zipf,12000,24,500,20000,10,24,1,371.0,24,2,4.24,3354,27916,28990,29103,6484,30638,32163,32333,-,-,-,-,-,-,-,0,0,0
LOCAL,2426224418,NATIVE,core,async,KEY,zipf,12000,24,500,20000,10,24,2,370.8,24,2,4.46,3355,27917,28991,29106,6535,30686,32193,32349,-,-,-,-,-,-,-,0,0,0
LOCAL,2426224418,NATIVE,core,async,UNORDERED,zipf,12000,24,500,20000,10,24,1,1230.3,24,23,4.23,3353,6440,6709,6481,6515,9679,9740,9743,-,-,-,-,-,-,-,0,0,0
LOCAL,2426224418,NATIVE,core,async,UNORDERED,zipf,12000,24,500,20000,10,24,2,1234.3,24,23,4.71,3353,6440,6440,6441,6483,9635,9693,9702,-,-,-,-,-,-,-,0,0,0
LOCAL,2426224418,NATIVE,core-vt,async,KEY,zipf,12000,24,500,20000,10,24,1,362.1,24,2,4.40,3623,28990,30064,29875,6878,31507,32962,33133,-,-,-,-,-,-,-,0,0,0
LOCAL,2426224418,NATIVE,core-vt,async,KEY,zipf,12000,24,500,20000,10,24,2,363.2,24,2,5.08,3757,28990,30064,29787,6871,31358,32855,33019,-,-,-,-,-,-,-,0,0,0
LOCAL,2426224418,NATIVE,core-vt,async,UNORDERED,zipf,12000,24,500,20000,10,24,1,1169.0,24,24,5.44,3623,6978,7247,7004,6755,10181,10245,10245,-,-,-,-,-,-,-,0,0,0
LOCAL,2426224418,NATIVE,core-vt,async,UNORDERED,zipf,12000,24,500,20000,10,24,2,1152.3,24,24,6.48,3622,7246,7246,7145,6840,10322,10398,10398,-,-,-,-,-,-,-,0,0,0
LOCAL,2426224418,NATIVE,core-dpvt,async,KEY,zipf,12000,24,500,20000,10,24,1,362.9,24,2,6.32,3623,28991,30064,29815,6825,31368,32888,33049,-,-,-,-,-,-,-,0,0,0
LOCAL,2426224418,NATIVE,core-dpvt,async,KEY,zipf,12000,24,500,20000,10,24,2,360.3,24,2,5.83,3623,28991,30064,30034,6797,31674,33144,33293,-,-,-,-,-,-,-,0,0,0
LOCAL,2426224418,NATIVE,core-dpvt,async,UNORDERED,zipf,12000,24,500,20000,10,24,1,1149.4,24,24,10.36,3623,7247,7247,7161,6801,10347,10415,10416,-,-,-,-,-,-,-,0,0,0
LOCAL,2426224418,NATIVE,core-dpvt,async,UNORDERED,zipf,12000,24,500,20000,10,24,2,1161.2,24,24,9.30,3623,7247,7247,7068,6752,10234,10309,10309,-,-,-,-,-,-,-,0,0,0
LOCAL,2426224418,NATIVE,vertx,async,KEY,zipf,12000,24,500,20000,10,24,1,410.5,24,2,9.66,3217,24692,26839,25969,-,-,-,-,-,-,-,-,-,-,-,0,0,0
LOCAL,2426224418,NATIVE,vertx,async,KEY,zipf,12000,24,500,20000,10,24,2,405.3,24,2,8.50,3217,25766,26839,26338,-,-,-,-,-,-,-,-,-,-,-,0,0,0
LOCAL,2426224418,NATIVE,vertx,async,UNORDERED,zipf,12000,24,500,20000,10,24,1,1282.7,24,22,9.37,3217,6170,6170,6083,-,-,-,-,-,-,-,-,-,-,-,0,0,0
LOCAL,2426224418,NATIVE,vertx,async,UNORDERED,zipf,12000,24,500,20000,10,24,2,1252.9,24,24,9.00,3217,6438,6438,6337,-,-,-,-,-,-,-,-,-,-,-,0,0,0
LOCAL,2426224418,NATIVE,reactor,async,KEY,zipf,12000,24,500,20000,10,24,1,409.0,24,2,11.79,3213,24688,26835,26084,-,-,-,-,-,-,-,-,-,-,-,0,0,0
LOCAL,2426224418,NATIVE,reactor,async,KEY,zipf,12000,24,500,20000,10,24,2,406.9,24,2,9.83,3481,25761,26835,26201,-,-,-,-,-,-,-,-,-,-,-,0,0,0
LOCAL,2426224418,NATIVE,reactor,async,UNORDERED,zipf,12000,24,500,20000,10,24,1,1270.4,24,23,9.02,3213,6166,6434,6206,-,-,-,-,-,-,-,-,-,-,-,0,0,0
LOCAL,2426224418,NATIVE,reactor,async,UNORDERED,zipf,12000,24,500,20000,10,24,2,1272.7,24,23,8.33,3347,6166,6166,6153,-,-,-,-,-,-,-,-,-,-,-,0,0,0
LOCAL,2426224418,NATIVE,mutiny,async,KEY,zipf,12000,24,500,20000,10,24,1,410.0,24,2,9.26,3213,24688,26835,25991,-,-,-,-,-,-,-,-,-,-,-,0,0,0
LOCAL,2426224418,NATIVE,mutiny,async,KEY,zipf,12000,24,500,20000,10,24,2,410.4,24,2,8.41,3213,24688,26835,25973,-,-,-,-,-,-,-,-,-,-,-,0,0,0
LOCAL,2426224418,NATIVE,mutiny,async,UNORDERED,zipf,12000,24,500,20000,10,24,1,1287.1,24,23,9.50,3213,6166,6166,6087,-,-,-,-,-,-,-,-,-,-,-,0,0,0
LOCAL,2426224418,NATIVE,mutiny,async,UNORDERED,zipf,12000,24,500,20000,10,24,2,1291.6,24,22,8.50,3213,6166,6166,6067,-,-,-,-,-,-,-,-,-,-,-,0,0,0
LOCAL,2426224418,NATIVE,proxy,async,KEY,zipf,12000,24,500,20000,10,24,1,75.4,24,0,8.25,6173,146028,154618,155804,-,-,-,-,-,-,-,-,-,-,-,0,0,0
LOCAL,2426224418,NATIVE,proxy,async,KEY,zipf,12000,24,500,20000,10,24,2,80.6,24,0,5.89,5905,133143,146028,145546,-,-,-,-,-,-,-,-,-,-,-,0,0,0
LOCAL,2426224418,NATIVE,proxy,async,UNORDERED,zipf,12000,24,500,20000,10,24,1,796.9,24,14,5.00,5905,11810,11810,11805,-,-,-,-,-,-,-,-,-,-,-,0,0,0
LOCAL,2426224418,NATIVE,proxy,async,UNORDERED,zipf,12000,24,500,20000,10,24,2,814.7,24,14,5.64,5903,11809,11809,11459,-,-,-,-,-,-,-,-,-,-,-,0,0,0
0.5.3.3,2204298880,NATIVE,core,async,KEY,zipf,12000,24,500,20000,10,24,1,240.4,24,1,5.26,-,-,-,-,6754,47213,49745,49898,-,-,-,-,-,-,-,0,0,113
0.5.3.3,2204298880,NATIVE,core,async,KEY,zipf,12000,24,500,20000,10,24,2,243.4,24,1,5.29,-,-,-,-,6781,46602,49111,49287,-,-,-,-,-,-,-,0,0,113
0.5.3.3,2204298880,NATIVE,core,async,UNORDERED,zipf,12000,24,500,20000,10,24,1,1103.4,24,23,5.08,-,-,-,-,6549,9785,10863,10864,-,-,-,-,-,-,-,0,0,113
0.5.3.3,2204298880,NATIVE,core,async,UNORDERED,zipf,12000,24,500,20000,10,24,2,1098.9,24,23,4.52,-,-,-,-,6595,9819,10904,10906,-,-,-,-,-,-,-,0,0,113
LOCAL,2426224418,NATIVE,core,async,KEY,zipf,12000,24,500,20000,10,24,1,240.1,24,1,7.09,3623,45096,47244,46720,6816,47249,49785,49961,-,-,-,-,-,-,-,0,0,113
LOCAL,2426224418,NATIVE,core,async,KEY,zipf,12000,24,500,20000,10,24,2,231.2,24,1,5.12,3489,47244,49392,48639,6705,49189,51723,51882,-,-,-,-,-,-,-,0,0,113
LOCAL,2426224418,NATIVE,core,async,UNORDERED,zipf,12000,24,500,20000,10,24,1,1097.4,24,23,4.63,3488,6709,7783,7662,6609,9852,10933,10935,-,-,-,-,-,-,-,0,0,113
LOCAL,2426224418,NATIVE,core,async,UNORDERED,zipf,12000,24,500,20000,10,24,2,1091.6,24,23,4.87,3353,6709,7783,7734,6595,9904,10992,10992,-,-,-,-,-,-,-,0,0,113
LOCAL,2426224418,NATIVE,core-vt,async,KEY,zipf,12000,24,500,20000,10,24,1,242.4,24,1,4.85,3892,45097,47244,46265,7076,46774,49320,49496,-,-,-,-,-,-,-,0,0,113
LOCAL,2426224418,NATIVE,core-vt,async,KEY,zipf,12000,24,500,20000,10,24,2,239.2,24,1,4.65,3758,45097,47244,46929,6975,47448,50004,50171,-,-,-,-,-,-,-,0,0,113
LOCAL,2426224418,NATIVE,core-vt,async,UNORDERED,zipf,12000,24,500,20000,10,24,1,1031.3,24,24,5.30,3756,7246,8588,8345,6946,10499,11601,11601,-,-,-,-,-,-,-,0,0,113
LOCAL,2426224418,NATIVE,core-vt,async,UNORDERED,zipf,12000,24,500,20000,10,24,2,1037.3,24,24,4.96,3756,7246,8319,8298,6927,10457,11553,11553,-,-,-,-,-,-,-,0,0,113
LOCAL,2426224418,NATIVE,core-dpvt,async,KEY,zipf,12000,24,500,20000,10,24,1,257.9,24,1,5.08,3758,40802,45097,43302,6951,43794,46361,46529,-,-,-,-,-,-,-,0,0,113
LOCAL,2426224418,NATIVE,core-dpvt,async,KEY,zipf,12000,24,500,20000,10,24,2,229.4,24,1,5.21,3758,47244,49392,49016,6963,49556,52116,52283,-,-,-,-,-,-,-,0,0,113
LOCAL,2426224418,NATIVE,core-dpvt,async,UNORDERED,zipf,12000,24,500,20000,10,24,1,1036.2,24,24,11.14,3757,7247,8589,8330,6891,10477,11574,11574,-,-,-,-,-,-,-,0,0,113
LOCAL,2426224418,NATIVE,core-dpvt,async,UNORDERED,zipf,12000,24,500,20000,10,24,2,1037.4,24,24,10.12,3758,7247,8321,8322,6894,10472,11565,11566,-,-,-,-,-,-,-,0,0,113
LOCAL,2426224418,NATIVE,vertx,async,KEY,zipf,12000,24,500,20000,10,24,1,412.3,24,2,8.64,3083,24692,25766,25823,-,-,-,-,-,-,-,-,-,-,-,0,0,112
LOCAL,2426224418,NATIVE,vertx,async,KEY,zipf,12000,24,500,20000,10,24,2,413.2,24,2,7.85,3083,24692,25766,25810,-,-,-,-,-,-,-,-,-,-,-,0,0,112
LOCAL,2426224418,NATIVE,vertx,async,UNORDERED,zipf,12000,24,500,20000,10,24,1,1323.8,24,22,5.95,3083,5901,5901,5812,-,-,-,-,-,-,-,-,-,-,-,0,0,112
LOCAL,2426224418,NATIVE,vertx,async,UNORDERED,zipf,12000,24,500,20000,10,24,2,1259.0,24,24,5.27,3217,6438,6438,6282,-,-,-,-,-,-,-,-,-,-,-,0,0,112
LOCAL,2426224418,NATIVE,reactor,async,KEY,zipf,12000,24,500,20000,10,24,1,255.5,24,1,4.90,3347,42941,45089,43713,-,-,-,-,-,-,-,-,-,-,-,0,0,113
LOCAL,2426224418,NATIVE,reactor,async,KEY,zipf,12000,24,500,20000,10,24,2,257.8,24,1,4.49,3481,42941,45089,43307,-,-,-,-,-,-,-,-,-,-,-,0,0,113
LOCAL,2426224418,NATIVE,reactor,async,UNORDERED,zipf,12000,24,500,20000,10,24,1,1160.7,24,21,4.08,3213,6166,7239,7102,-,-,-,-,-,-,-,-,-,-,-,0,0,113
LOCAL,2426224418,NATIVE,reactor,async,UNORDERED,zipf,12000,24,500,20000,10,24,2,1157.7,24,22,3.76,3213,6166,7239,7113,-,-,-,-,-,-,-,-,-,-,-,0,0,113
LOCAL,2426224418,NATIVE,mutiny,async,KEY,zipf,12000,24,500,20000,10,24,1,242.9,24,1,3.95,3481,45089,47236,46159,-,-,-,-,-,-,-,-,-,-,-,0,0,113
LOCAL,2426224418,NATIVE,mutiny,async,KEY,zipf,12000,24,500,20000,10,24,2,292.1,24,1,4.15,3347,36499,38646,37829,-,-,-,-,-,-,-,-,-,-,-,0,0,113
LOCAL,2426224418,NATIVE,mutiny,async,UNORDERED,zipf,12000,24,500,20000,10,24,1,1155.0,24,22,3.74,3213,6166,7239,7129,-,-,-,-,-,-,-,-,-,-,-,0,0,113
LOCAL,2426224418,NATIVE,mutiny,async,UNORDERED,zipf,12000,24,500,20000,10,24,2,1147.2,24,22,4.09,3213,6166,7239,7223,-,-,-,-,-,-,-,-,-,-,-,0,0,113
LOCAL,2426224418,NATIVE,proxy,async,KEY,zipf,12000,24,500,20000,10,24,1,63.0,24,0,4.08,6441,180388,188978,187234,-,-,-,-,-,-,-,-,-,-,-,0,0,113
LOCAL,2426224418,NATIVE,proxy,async,KEY,zipf,12000,24,500,20000,10,24,2,63.2,24,0,5.04,6441,171798,188978,186719,-,-,-,-,-,-,-,-,-,-,-,0,0,113
LOCAL,2426224418,NATIVE,proxy,async,UNORDERED,zipf,12000,24,500,20000,10,24,1,736.6,24,12,7.29,6172,11809,12346,13019,-,-,-,-,-,-,-,-,-,-,-,0,0,113
LOCAL,2426224418,NATIVE,proxy,async,UNORDERED,zipf,12000,24,500,20000,10,24,2,732.3,24,13,6.87,6441,12347,12347,13151,-,-,-,-,-,-,-,-,-,-,-,0,0,113
